rank,prev_rank,name,league,off,def,spi
1,1,Manchester City,Barclays Premier League,2.85,0.24,92.78
2,2,Bayern Munich,German Bundesliga,3.3,0.6,90.65
3,3,Barcelona,Spanish Primera Division,3.14,0.56,90.1
4,4,Chelsea,Barclays Premier League,2.42,0.23,90.0
5,5,Liverpool,Barclays Premier League,2.69,0.4,89.17
6,6,RB Leipzig,German Bundesliga,2.47,0.43,86.71
7,7,Real Madrid,Spanish Primera Division,2.46,0.43,86.48
8,8,Manchester United,Barclays Premier League,2.45,0.47,85.55
9,12,Paris Saint-Germain,French Ligue 1,2.6,0.61,84.59
10,9,Borussia Dortmund,German Bundesliga,2.71,0.67,84.52
11,11,Atletico Madrid,Spanish Primera Division,2.23,0.41,84.51
12,10,Atalanta,Italy Serie A,2.57,0.62,84.07
13,14,Arsenal,Barclays Premier League,2.18,0.42,83.72
14,13,Internazionale,Italy Serie A,2.42,0.57,83.37
15,16,Juventus,Italy Serie A,2.51,0.68,82.28
16,15,Sevilla FC,Spanish Primera Division,2.09,0.45,81.75
17,21,Real Sociedad,Spanish Primera Division,2.12,0.51,80.82
18,17,Ajax,Dutch Eredivisie,2.71,0.89,80.64
19,23,FC Salzburg,Austrian T-Mobile Bundesliga,2.82,1.01,79.72
20,20,Napoli,Italy Serie A,2.28,0.67,79.55
21,25,AC Milan,Italy Serie A,2.22,0.64,79.36
22,22,Villarreal,Spanish Primera Division,2.17,0.61,79.35
23,24,AS Monaco,French Ligue 1,2.1,0.57,79.15
24,18,VfL Wolfsburg,German Bundesliga,2.19,0.65,78.74
25,27,Brighton and Hove Albion,Barclays Premier League,1.97,0.51,78.71
26,19,Leicester City,Barclays Premier League,2.14,0.64,78.22
27,29,Tottenham Hotspur,Barclays Premier League,2.31,0.76,78.06
28,28,Zenit St Petersburg,Russian Premier Liga,2.38,0.8,78.05
29,31,FC Porto,Portuguese Liga,2.11,0.69,76.76
30,26,Lyon,French Ligue 1,2.31,0.82,76.68
31,30,Lille,French Ligue 1,1.68,0.42,76.46
32,33,Real Betis,Spanish Primera Division,1.97,0.62,76.09
33,32,Bayer Leverkusen,German Bundesliga,2.09,0.7,76.07
34,34,West Ham United,Barclays Premier League,2.18,0.76,76.0
35,35,Benfica,Portuguese Liga,2.16,0.78,75.29
36,39,Leeds United,Barclays Premier League,2.13,0.78,74.94
37,38,Getafe,Spanish Primera Division,1.6,0.43,74.73
38,37,Borussia Monchengladbach,German Bundesliga,2.25,0.91,73.78
39,44,Eintracht Frankfurt,German Bundesliga,2.35,1.0,73.61
40,36,Athletic Bilbao,Spanish Primera Division,1.78,0.6,73.29
41,41,Flamengo,Brasileiro Série A,2.09,0.83,73.13
42,40,AS Roma,Italy Serie A,2.17,0.9,72.88
43,45,Lazio,Italy Serie A,2.11,0.86,72.82
44,43,Everton,Barclays Premier League,1.86,0.7,72.28
45,46,Aston Villa,Barclays Premier League,2.02,0.82,72.18
46,42,Celta Vigo,Spanish Primera Division,2.03,0.83,72.04
47,48,TSG Hoffenheim,German Bundesliga,2.17,0.94,71.92
48,49,Sporting CP,Portuguese Liga,1.81,0.7,71.41
49,47,Rangers,Scottish Premiership,2.07,0.89,71.39
50,50,Young Boys,Swiss Raiffeisen Super League,2.19,0.98,71.34
51,54,Eibar,Spanish Primera Division,1.77,0.68,71.16
52,51,Shakhtar Donetsk,UEFA Europa League,2.17,0.99,70.89
53,53,1. FC Union Berlin,German Bundesliga,1.87,0.77,70.77
54,52,Olympiacos,Greek Super League,1.9,0.8,70.51
55,55,Sassuolo,Italy Serie A,2.08,0.94,70.38
56,57,Stade Rennes,French Ligue 1,1.67,0.65,70.17
57,59,Mainz,German Bundesliga,1.99,0.89,70.09
58,56,Wolverhampton,Barclays Premier League,1.73,0.72,69.61
59,66,Fulham,Barclays Premier League,1.68,0.74,68.01
60,58,Osasuna,Spanish Primera Division,1.72,0.77,67.89
61,69,Newcastle,Barclays Premier League,1.93,0.94,67.79
62,63,PSV,Dutch Eredivisie,2.08,1.06,67.79
63,60,SC Freiburg,German Bundesliga,1.88,0.92,67.32
64,68,SD Huesca,Spanish Primera Division,1.61,0.72,67.22
65,65,Southampton,Barclays Premier League,1.88,0.93,67.01
66,62,Hertha Berlin,German Bundesliga,1.76,0.84,66.88
67,76,Brentford,English League Championship,1.75,0.84,66.87
68,64,Burnley,Barclays Premier League,1.85,0.92,66.79
69,70,Valencia,Spanish Primera Division,1.83,0.91,66.65
70,74,Alavés,Spanish Primera Division,1.71,0.82,66.6
71,71,AZ,Dutch Eredivisie,2.02,1.08,66.3
72,72,Dinamo Zagreb,UEFA Europa League,1.91,1.0,66.22
73,61,VfB Stuttgart,German Bundesliga,2.02,1.09,65.99
74,73,Slavia Prague,UEFA Europa League,1.85,0.96,65.89
75,67,Club Brugge,Belgian Jupiler League,1.91,1.01,65.81
76,75,River Plate,Argentina Primera Division,1.74,0.88,65.48
77,77,Norwich City,English League Championship,1.82,0.97,65.03
78,78,Marseille,French Ligue 1,1.71,0.9,64.55
79,80,Levante,Spanish Primera Division,1.75,0.95,64.25
80,79,Strasbourg,French Ligue 1,1.64,0.88,63.63
81,86,Sampdoria,Italy Serie A,1.73,0.96,63.36
82,81,Internacional,Brasileiro Série A,1.57,0.83,63.35
83,89,FC Cologne,German Bundesliga,1.8,1.03,63.33
84,83,Galatasaray,Turkish Turkcell Super Lig,1.86,1.09,62.87
85,84,Besiktas,Turkish Turkcell Super Lig,1.97,1.19,62.69
86,85,Granada,Spanish Primera Division,1.67,0.95,62.48
87,107,Arminia Bielefeld,German Bundesliga,1.63,0.92,62.46
88,82,Kawasaki Frontale,Japanese J League,1.97,1.21,62.3
89,88,Real Valladolid,Spanish Primera Division,1.63,0.92,62.24
90,104,FC Midtjylland,Danish SAS-Ligaen,1.81,1.08,62.19
91,119,Genk,Belgian Jupiler League,2.07,1.3,62.18
92,91,Guangzhou Evergrande,Chinese Super League,1.87,1.15,61.79
93,93,Dynamo Kiev,UEFA Europa League,1.77,1.07,61.74
94,95,Lokomotiv Moscow,Russian Premier Liga,1.63,0.95,61.69
95,94,Verona,Italy Serie A,1.58,0.91,61.66
96,100,Espanyol,Spanish Segunda Division,1.66,0.98,61.59
97,92,Crystal Palace,Barclays Premier League,1.69,1.0,61.55
98,98,Spartak Moscow,Russian Premier Liga,1.8,1.1,61.39
99,87,Fiorentina,Italy Serie A,1.62,0.96,61.32
100,99,Celtic,Scottish Premiership,1.85,1.15,61.31
101,101,Atletico Mineiro,Brasileiro Série A,1.64,0.97,61.23
102,96,Lens,French Ligue 1,1.65,0.99,61.22
103,97,Cagliari,Italy Serie A,1.68,1.01,61.21
104,102,Braga,Portuguese Liga,1.62,0.97,60.93
105,105,CSKA Moscow,Russian Premier Liga,1.64,1.0,60.64
106,106,PAOK Salonika,Greek Super League,1.47,0.85,60.57
107,108,Bragantino,Brasileiro Série A,1.5,0.88,60.56
108,90,St Etienne,French Ligue 1,1.53,0.91,60.51
109,109,Boca Juniors,Argentina Primera Division,1.47,0.87,60.25
110,112,Werder Bremen,German Bundesliga,1.68,1.05,60.13
111,103,West Bromwich Albion,Barclays Premier League,1.78,1.16,59.72
112,124,Elche,Spanish Primera Division,1.54,0.95,59.63
113,111,Nantes,French Ligue 1,1.57,0.97,59.62
114,113,Watford,English League Championship,1.52,0.94,59.48
115,110,Bologna,Italy Serie A,1.83,1.22,59.45
116,114,Sochi,Russian Premier Liga,1.57,0.99,59.33
117,116,Palmeiras,Brasileiro Série A,1.42,0.86,59.26
118,117,Feyenoord,Dutch Eredivisie,1.81,1.21,59.22
119,118,FC Augsburg,German Bundesliga,1.66,1.08,59.03
120,134,Rapid Vienna,Austrian T-Mobile Bundesliga,1.81,1.22,58.91
121,115,Torino,Italy Serie A,1.66,1.11,58.53
122,121,São Paulo,Brasileiro Série A,1.47,0.93,58.49
123,139,Nice,French Ligue 1,1.6,1.06,58.42
124,122,Shanghai SIPG,Chinese Super League,1.69,1.13,58.37
125,123,Beijing Guoan,Chinese Super League,1.76,1.21,58.34
126,137,KAA Gent,Belgian Jupiler League,1.68,1.13,58.18
127,126,Dinamo Moscow,Russian Premier Liga,1.48,0.97,57.67
128,125,Udinese,Italy Serie A,1.57,1.07,57.46
129,129,Genoa,Italy Serie A,1.61,1.1,57.41
130,128,AEK Athens,Greek Super League,1.52,1.02,57.39
131,127,Bodo/Glimt,Norwegian Tippeligaen,2.01,1.47,57.32
132,130,Grêmio,Brasileiro Série A,1.5,1.02,57.02
133,133,Sparta Prague,UEFA Europa League,1.74,1.25,56.89
134,132,Anderlecht,Belgian Jupiler League,1.55,1.07,56.84
135,145,Molde,Norwegian Tippeligaen,2.02,1.51,56.82
136,141,Spezia,Italy Serie A,1.72,1.23,56.81
137,135,Red Star Belgrade,UEFA Europa League,1.77,1.28,56.79
138,136,Rubin Kazan,Russian Premier Liga,1.35,0.89,56.74
139,138,Fenerbahce,Turkish Turkcell Super Lig,1.65,1.18,56.68
140,120,AFC Bournemouth,English League Championship,1.54,1.07,56.67
141,140,FC Utrecht,Dutch Eredivisie,1.7,1.23,56.59
142,142,Monterrey,Mexican Primera Division Torneo Clausura,1.51,1.06,56.49
143,148,Lorient,French Ligue 1,1.54,1.09,56.41
144,151,Sheffield United,Barclays Premier League,1.44,0.99,56.3
145,144,FC Krasnodar,Russian Premier Liga,1.77,1.31,56.14
146,143,Cadiz,Spanish Primera Division,1.57,1.12,56.11
147,147,Barnsley,English League Championship,1.38,0.96,55.91
148,153,Montpellier,French Ligue 1,1.73,1.29,55.71
149,149,Maccabi Tel-Aviv,UEFA Europa League,1.43,1.01,55.6
150,152,Club América,Mexican Primera Division Torneo Clausura,1.49,1.07,55.46
151,146,Brest,French Ligue 1,1.58,1.16,55.36
152,154,Angers,French Ligue 1,1.33,0.93,55.27
153,165,Brondby,Danish SAS-Ligaen,1.63,1.23,55.04
154,131,LASK Linz,Austrian T-Mobile Bundesliga,1.63,1.23,54.87
155,155,Cruz Azul,Mexican Primera Division Torneo Clausura,1.46,1.07,54.81
156,169,SK Sturm Graz,Austrian T-Mobile Bundesliga,1.56,1.18,54.45
157,156,Fluminense,Brasileiro Série A,1.32,0.95,54.39
158,173,Santa Clara,Portuguese Liga,1.39,1.04,54.0
159,157,Ferencvaros,UEFA Champions League,1.62,1.26,53.98
160,171,FC Copenhagen,Danish SAS-Ligaen,1.87,1.51,53.93
161,160,Bordeaux,French Ligue 1,1.46,1.11,53.91
162,158,Metz,French Ligue 1,1.34,1.0,53.89
163,159,Trabzonspor,Turkish Turkcell Super Lig,1.34,1.0,53.7
164,163,Velez Sarsfield,Argentina Primera Division,1.22,0.9,53.34
165,164,Hapoel Be'er,UEFA Europa League,1.62,1.29,53.32
166,166,Santos,Brasileiro Série A,1.39,1.07,53.14
167,168,Blackburn,English League Championship,1.5,1.19,52.88
168,170,CSKA Sofia,UEFA Europa League,1.32,1.02,52.77
169,162,Parma,Italy Serie A,1.65,1.35,52.61
170,172,Malmo FF,Swedish Allsvenskan,1.72,1.42,52.53
171,161,Nimes,French Ligue 1,1.49,1.21,52.4
172,150,Basel,Swiss Raiffeisen Super League,1.79,1.5,52.25
173,174,Tigres UANL,Mexican Primera Division Torneo Clausura,1.34,1.07,51.95
174,175,Atlético Paranaense,Brasileiro Série A,1.22,0.95,51.92
175,176,Defensa y Justicia,Argentina Primera Division,1.28,1.02,51.81
176,167,New York City FC,Major League Soccer,1.67,1.41,51.78
177,178,Corinthians,Brasileiro Série A,1.3,1.04,51.6
178,180,Cardiff City,English League Championship,1.46,1.22,51.41
179,181,Sivasspor,Turkish Turkcell Super Lig,1.39,1.15,51.33
180,182,Jiangsu Suning FC,Chinese Super League,1.5,1.26,51.28
181,177,Santos Laguna,Mexican Primera Division Torneo Clausura,1.37,1.14,51.25
182,183,Rostov,Russian Premier Liga,1.31,1.08,51.15
183,185,Ceará,Brasileiro Série A,1.37,1.14,51.02
184,186,Stoke City,English League Championship,1.25,1.03,50.95
185,187,CFR 1907 Cluj,UEFA Europa League,1.47,1.25,50.79
186,189,Benevento,Italy Serie A,1.54,1.32,50.79
187,190,Pachuca,Mexican Primera Division Torneo Clausura,1.43,1.22,50.67
188,191,Queens Park Rangers,English League Championship,1.51,1.31,50.33
189,192,Ludogorets,UEFA Europa League,1.54,1.35,50.16
190,193,León,Mexican Primera Division Torneo Clausura,1.49,1.3,50.08
191,196,Lech Poznan,UEFA Europa League,1.34,1.16,49.84
192,197,Clermont Foot,French Ligue 2,1.31,1.13,49.83
193,198,Vitesse,Dutch Eredivisie,1.53,1.35,49.82
194,199,Shandong Luneng,Chinese Super League,1.6,1.43,49.81
195,179,Antwerp,Belgian Jupiler League,1.59,1.41,49.8
196,184,Famalicao,Portuguese Liga,1.28,1.1,49.71
197,203,Toulouse,French Ligue 2,1.55,1.39,49.47
198,204,CA Independiente,Argentina Primera Division,1.2,1.04,49.46
199,195,Reims,French Ligue 1,1.23,1.06,49.34
200,194,Atlas,Mexican Primera Division Torneo Clausura,1.18,1.02,49.1
201,188,Seattle Sounders FC,Major League Soccer,1.4,1.25,49.09
202,201,Los Angeles FC,Major League Soccer,1.63,1.49,49.08
203,207,Bahía,Brasileiro Série A,1.37,1.23,48.98
204,208,FC Khimki,Russian Premier Liga,1.26,1.11,48.95
205,209,Newell's Old Boys,Argentina Primera Division,1.24,1.11,48.58
206,205,Yokohama F. Marinos,Japanese J League,1.59,1.47,48.51
207,211,Racing Club,Argentina Primera Division,1.18,1.06,48.4
208,206,KV Mechelen,Belgian Jupiler League,1.67,1.57,48.32
209,200,FC Luzern,Swiss Raiffeisen Super League,1.63,1.54,48.13
210,213,Rotherham United,English League Championship,1.31,1.2,48.12
211,212,Guimaraes,Portuguese Liga,1.22,1.11,47.89
212,214,Reading,English League Championship,1.3,1.2,47.84
213,224,Hamburg SV,German 2. Bundesliga,1.56,1.48,47.77
214,215,FK Qarabag,UEFA Europa League,1.32,1.23,47.77
215,218,Portimonense,Portuguese Liga,1.15,1.06,47.56
216,220,Panathinaikos,Greek Super League,1.08,0.98,47.54
217,210,Rosenborg,Norwegian Tippeligaen,1.58,1.52,47.35
218,217,Swansea City,English League Championship,1.21,1.13,47.28
219,232,Crotone,Italy Serie A,1.54,1.48,47.23
220,223,Philadelphia Union,Major League Soccer,1.45,1.4,47.01
221,225,Preston North End,English League Championship,1.2,1.14,46.87
222,216,Schalke 04,German Bundesliga,1.49,1.44,46.86
223,226,Middlesbrough,English League Championship,1.24,1.19,46.79
224,238,Mallorca,Spanish Segunda Division,1.11,1.05,46.75
225,227,Guadalajara,Mexican Primera Division Torneo Clausura,1.3,1.25,46.72
226,240,SpVgg Greuther Fürth,German 2. Bundesliga,1.44,1.4,46.7
227,233,New England Revolution,Major League Soccer,1.44,1.41,46.58
228,219,Gil Vicente,Portuguese Liga,1.2,1.16,46.55
229,230,Terek Grozny,Russian Premier Liga,1.23,1.2,46.25
230,202,AGF Aarhus,Danish SAS-Ligaen,1.37,1.35,46.23
231,231,Coventry City,English League Championship,1.27,1.25,46.03
232,255,Rio Ave,Portuguese Liga,1.11,1.08,45.91
233,234,Lanus,Argentina Primera Division,1.28,1.27,45.68
234,222,Wolfsberger AC,Austrian T-Mobile Bundesliga,1.57,1.59,45.65
235,235,Atlético Goianiense,Brasileiro Série A,1.2,1.19,45.65
236,228,Kashima Antlers,Japanese J League,1.4,1.42,45.48
237,237,Fortaleza,Brasileiro Série A,1.13,1.12,45.45
238,239,Omonia Nicosia,UEFA Europa League,1.41,1.43,45.33
239,257,Girona FC,Spanish Segunda Division,1.11,1.11,45.11
240,241,Ural Sverdlovsk Oblast,Russian Premier Liga,1.09,1.1,44.98
241,243,FC Zorya Luhansk,UEFA Europa League,1.27,1.29,44.92
242,244,Derby County,English League Championship,1.17,1.19,44.85
243,245,Talleres de Córdoba,Argentina Primera Division,1.21,1.23,44.82
244,246,Millwall,English League Championship,1.25,1.29,44.77
245,247,Luton Town,English League Championship,1.2,1.24,44.65
246,256,Sporting Kansas City,Major League Soccer,1.41,1.47,44.57
247,274,KV Oostende,Belgian Jupiler League,1.49,1.57,44.36
248,221,Melbourne City,Australian A-League,1.65,1.75,44.3
249,263,FK Austria Vienna,Austrian T-Mobile Bundesliga,1.37,1.44,44.23
250,249,Sparta,Dutch Eredivisie,1.37,1.44,44.22
251,265,Puebla,Mexican Primera Division Torneo Clausura,1.15,1.2,44.19
252,250,Nottingham Forest,English League Championship,1.07,1.11,44.18
253,248,FC Nordsjaelland,Danish SAS-Ligaen,1.5,1.6,43.99
254,267,Pacos Ferreira,Portuguese Liga,1.17,1.23,43.92
255,297,FC Sion,Swiss Raiffeisen Super League,1.49,1.59,43.91
256,253,Aris Salonika,Greek Super League,1.32,1.4,43.8
257,254,Alanyaspor,Turkish Turkcell Super Lig,1.29,1.37,43.76
258,236,SC Farense,Portuguese Liga,1.19,1.26,43.71
259,229,Standard Liege,Belgian Jupiler League,1.47,1.58,43.67
260,242,Fortuna Düsseldorf,German 2. Bundesliga,1.31,1.41,43.62
261,258,Leganes,Spanish Segunda Division,1.01,1.07,43.5
262,276,Portland Timbers,Major League Soccer,1.5,1.62,43.41
263,259,Fatih Karagümrük,Turkish Turkcell Super Lig,1.39,1.5,43.4
264,317,Rayo Vallecano,Spanish Segunda Division,1.2,1.3,43.26
265,260,FC Ufa,Russian Premier Liga,1.03,1.1,43.17
266,261,Sheffield Wednesday,English League Championship,1.21,1.31,43.15
267,262,Hatayspor,Turkish Turkcell Super Lig,1.3,1.42,43.07
268,277,St Gallen,Swiss Raiffeisen Super League,1.41,1.54,43.05
269,252,Djurgardens IF,Swedish Allsvenskan,1.25,1.37,42.95
270,266,Hull City,English League One,1.29,1.41,42.91
271,251,Almeria,Spanish Segunda Division,1.23,1.34,42.89
272,268,Argentinos Juniors,Argentina Primera Division,1.0,1.08,42.87
273,269,Troyes,French Ligue 2,1.23,1.35,42.77
274,270,Rosario Central,Argentina Primera Division,1.15,1.27,42.73
275,271,Estudiantes,Argentina Primera Division,1.0,1.1,42.6
276,272,Wycombe Wanderers,English League Championship,1.22,1.35,42.59
277,273,Gazisehir Gaziantep,Turkish Turkcell Super Lig,1.29,1.43,42.54
278,284,Boavista,Portuguese Liga,1.19,1.32,42.46
279,275,Istanbul Basaksehir,Turkish Turkcell Super Lig,1.12,1.24,42.45
280,296,Moreirense,Portuguese Liga,1.18,1.33,42.17
281,283,VfL Bochum,German 2. Bundesliga,1.33,1.49,42.14
282,279,Pumas Unam,Mexican Primera Division Torneo Clausura,1.05,1.17,42.04
283,264,WSG Swarovski Wattens,Austrian T-Mobile Bundesliga,1.57,1.78,41.84
284,280,Arsenal Sarandi,Argentina Primera Division,1.28,1.45,41.78
285,282,Birmingham,English League Championship,1.1,1.25,41.68
286,292,Randers FC,Danish SAS-Ligaen,1.19,1.36,41.5
287,285,Tianjin Teda,Chinese Super League,1.28,1.47,41.44
288,286,Belenenses,Portuguese Liga,1.03,1.19,41.43
289,287,Botafogo,Brasileiro Série A,1.22,1.4,41.35
290,289,Atlético Tucumán,Argentina Primera Division,1.07,1.24,41.23
291,290,Konyaspor,Turkish Turkcell Super Lig,1.15,1.33,41.22
292,352,AaB,Danish SAS-Ligaen,1.24,1.43,41.22
293,291,Vasco da Gama,Brasileiro Série A,1.08,1.26,41.12
294,281,Orlando City SC,Major League Soccer,1.24,1.44,41.08
295,293,Dundalk,UEFA Europa League,1.48,1.72,41.02
296,294,San Lorenzo,Argentina Primera Division,1.14,1.33,40.96
297,295,FC Groningen,Dutch Eredivisie,1.13,1.33,40.92
298,316,Dijon FCO,French Ligue 1,1.2,1.41,40.76
299,288,Toluca,Mexican Primera Division Torneo Clausura,1.28,1.52,40.49
300,299,Sport Recife,Brasileiro Série A,1.05,1.25,40.35
301,300,Patronato,Argentina Primera Division,1.2,1.43,40.35
302,301,Gimnasia La Plata,Argentina Primera Division,0.98,1.17,40.3
303,312,SV Darmstadt 98,German 2. Bundesliga,1.41,1.67,40.29
304,302,Kasimpasa,Turkish Turkcell Super Lig,1.24,1.48,40.25
305,336,FC Zurich,Swiss Raiffeisen Super League,1.51,1.79,40.23
306,304,Heracles,Dutch Eredivisie,1.23,1.48,40.15
307,278,IFK Norrkoping,Swedish Allsvenskan,1.34,1.6,40.14
308,298,Nagoya Grampus Eight,Japanese J League,0.94,1.14,39.9
309,313,Colorado Rapids,Major League Soccer,1.34,1.62,39.89
310,306,Slovan Liberec,UEFA Europa League,1.19,1.44,39.87
311,303,Holstein Kiel,German 2. Bundesliga,1.22,1.48,39.72
312,308,Goiás,Brasileiro Série A,1.17,1.43,39.68
313,309,Banfield,Argentina Primera Division,0.98,1.2,39.66
314,310,Rijeka,UEFA Europa League,1.28,1.56,39.55
315,311,Paris FC,French Ligue 2,1.06,1.3,39.52
316,315,Auxerre,French Ligue 2,1.18,1.45,39.37
317,314,Maritimo,Portuguese Liga,1.01,1.25,39.37
318,328,FC Dallas,Major League Soccer,1.28,1.57,39.37
319,305,New York Red Bulls,Major League Soccer,1.28,1.57,39.31
320,320,Lausanne Sports,Swiss Raiffeisen Super League,1.42,1.74,39.28
321,346,Atlanta United FC,Major League Soccer,1.14,1.41,39.2
322,318,Union Santa Fe,Argentina Primera Division,1.0,1.25,39.16
323,319,Asteras Tripolis,Greek Super League,1.04,1.3,39.02
324,321,Tijuana,Mexican Primera Division Torneo Clausura,1.14,1.43,38.95
325,307,Inter Miami CF,Major League Soccer,1.21,1.51,38.91
326,323,Sporting de Charleroi,Belgian Jupiler League,1.24,1.55,38.88
327,355,FC Lugano,Swiss Raiffeisen Super League,1.09,1.38,38.77
328,325,Fortuna Sittard,Dutch Eredivisie,1.33,1.66,38.73
329,326,Shanghai Greenland,Chinese Super League,1.34,1.68,38.68
330,349,Arizona United,United Soccer League,1.42,1.77,38.63
331,339,Toronto FC,Major League Soccer,1.26,1.58,38.62
332,329,FC Arsenal Tula,Russian Premier Liga,1.13,1.43,38.61
333,330,Emmen,Dutch Eredivisie,1.31,1.64,38.57
334,331,Goztepe,Turkish Turkcell Super Lig,1.35,1.69,38.56
335,332,Henan Jianye,Chinese Super League,1.25,1.57,38.55
336,380,Odense BK,Danish SAS-Ligaen,1.09,1.38,38.51
337,348,Chicago Fire,Major League Soccer,1.37,1.73,38.47
338,334,FC Twente,Dutch Eredivisie,1.24,1.58,38.32
339,322,Hannover 96,German 2. Bundesliga,1.23,1.56,38.27
340,350,Nashville SC,Major League Soccer,1.01,1.31,38.21
341,324,SC Paderborn,German 2. Bundesliga,1.31,1.67,38.17
342,337,Hebei China Fortune FC,Chinese Super League,1.29,1.65,38.14
343,338,Minnesota United FC,Major League Soccer,1.34,1.71,38.13
344,340,Mamelodi Sundowns,South African ABSA Premier League,0.98,1.26,38.09
345,342,Huracán,Argentina Primera Division,0.95,1.24,37.93
346,343,Yeni Malatyaspor,Turkish Turkcell Super Lig,1.12,1.44,37.93
347,345,Willem II,Dutch Eredivisie,1.32,1.69,37.82
348,360,Columbus Crew,Major League Soccer,1.12,1.46,37.79
349,347,Empoli,Italy Serie B,1.17,1.52,37.73
350,351,Wuhan Zall,Chinese Super League,1.17,1.53,37.62
351,333,Servette,Swiss Raiffeisen Super League,1.39,1.79,37.58
352,353,Huddersfield Town,English League Championship,1.1,1.45,37.52
353,354,Heerenveen,Dutch Eredivisie,1.31,1.7,37.51
354,344,Sporting Gijón,Spanish Segunda Division,0.68,0.92,37.44
355,356,Atromitos,Greek Super League,1.0,1.33,37.25
356,335,Tondela,Portuguese Liga,1.11,1.48,37.19
357,357,Central Córdoba Santiago del Estero,Argentina Primera Division,1.0,1.34,37.16
358,327,Vissel Kobe,Japanese J League,1.16,1.56,36.88
359,341,Hammarby,Swedish Allsvenskan,1.4,1.85,36.8
360,363,Lecce,Italy Serie B,1.16,1.56,36.78
361,359,Grenoble,French Ligue 2,0.98,1.33,36.69
362,362,Dalian Aerbin,Chinese Super League,1.29,1.73,36.66
363,364,Peterborough United,English League One,1.23,1.66,36.52
364,366,Kaizer Chiefs,South African ABSA Premier League,1.01,1.39,36.44
365,367,Eupen,Belgian Jupiler League,1.21,1.64,36.37
366,370,SV Zulte Waregem,Belgian Jupiler League,1.47,1.97,36.14
367,373,PEC Zwolle,Dutch Eredivisie,1.21,1.65,36.09
368,369,Valerenga,Norwegian Tippeligaen,1.14,1.57,35.91
369,375,OH Leuven,Belgian Jupiler League,1.33,1.81,35.91
370,376,Mazatlán FC,Mexican Primera Division Torneo Clausura,1.06,1.49,35.74
371,378,Necaxa,Mexican Primera Division Torneo Clausura,1.06,1.5,35.57
372,381,St. Truidense,Belgian Jupiler League,1.1,1.55,35.43
373,374,1. FC Heidenheim 1846,German 2. Bundesliga,1.1,1.55,35.42
374,365,Cerezo Osaka,Japanese J League,0.94,1.35,35.34
375,371,San Jose Earthquakes,Major League Soccer,1.31,1.81,35.33
376,396,BK Hacken,Swedish Allsvenskan,1.09,1.54,35.3
377,361,IF Elfsborg,Swedish Allsvenskan,1.17,1.65,35.2
378,382,Coritiba,Brasileiro Série A,0.97,1.4,35.13
379,426,Blackpool,English League One,0.94,1.36,35.1
380,385,Atlético San Luis,Mexican Primera Division Torneo Clausura,1.15,1.64,35.05
381,386,Tenerife,Spanish Segunda Division,0.72,1.07,34.95
382,387,OFI Crete,Greek Super League,1.06,1.52,34.85
383,388,KFCO Beerschot-Wilrijk,Belgian Jupiler League,1.28,1.81,34.82
384,389,Guingamp,French Ligue 2,0.92,1.35,34.8
385,390,Caykur Rizespor,Turkish Turkcell Super Lig,1.31,1.85,34.79
386,391,Chongqing Lifan,Chinese Super League,1.08,1.56,34.78
387,392,KV Kortrijk,Belgian Jupiler League,1.23,1.75,34.77
388,393,Cercle Brugge,Belgian Jupiler League,1.02,1.49,34.67
389,372,Hartberg,Austrian T-Mobile Bundesliga,1.14,1.64,34.64
390,394,FC Juárez,Mexican Primera Division Torneo Clausura,1.03,1.5,34.63
391,395,Hibernian,Scottish Premiership,1.0,1.46,34.58
392,379,Los Angeles Galaxy,Major League Soccer,1.31,1.86,34.55
393,400,Karlsruher SC,German 2. Bundesliga,1.16,1.67,34.52
394,384,SV Sandhausen,German 2. Bundesliga,1.14,1.65,34.51
395,403,Sydney FC,Australian A-League,1.01,1.49,34.39
396,358,FC St. Pauli,German 2. Bundesliga,1.2,1.73,34.39
397,397,Antalyaspor,Turkish Turkcell Super Lig,1.02,1.51,34.34
398,398,Querétaro,Mexican Primera Division Torneo Clausura,1.01,1.5,34.24
399,368,C.D. Nacional,Portuguese Liga,1.06,1.56,34.19
400,430,Real Zaragoza,Spanish Segunda Division,0.8,1.22,34.18
401,377,Real Oviedo,Spanish Segunda Division,0.89,1.36,33.96
402,404,AS Nancy Lorraine,French Ligue 2,1.1,1.64,33.76
403,405,Guangzhou RF,Chinese Super League,1.44,2.07,33.73
404,406,Orlando Pirates,South African ABSA Premier League,0.98,1.48,33.73
405,383,Fuenlabrada,Spanish Segunda Division,0.88,1.35,33.63
406,408,Aldosivi,Argentina Primera Division,0.86,1.33,33.63
407,409,Tianjin Quanujian,Chinese Super League,1.16,1.73,33.51
408,401,Real Salt Lake,Major League Soccer,1.02,1.55,33.5
409,399,Houston Dynamo,Major League Soccer,1.15,1.71,33.41
410,417,Monza,Italy Serie B,0.96,1.47,33.31
411,414,FC Tokyo,Japanese J League,1.06,1.6,33.31
412,427,Sagan Tosu,Japanese J League,0.84,1.32,33.27
413,429,Sanfrecce Hiroshima,Japanese J League,0.87,1.35,33.26
414,437,Wellington Phoenix,Australian A-League,1.18,1.78,33.17
415,420,FC Cartagena,Spanish Segunda Division,0.95,1.49,32.98
416,416,Shenzhen FC,Chinese Super League,1.19,1.81,32.64
417,424,F.B.C Unione Venezia,Italy Serie B,0.99,1.55,32.56
418,419,Mouscron-Peruwelz,Belgian Jupiler League,1.04,1.62,32.55
419,421,Ankaragucu,Turkish Turkcell Super Lig,1.07,1.66,32.5
420,422,Kayserispor,Turkish Turkcell Super Lig,0.93,1.48,32.45
421,442,Urawa Red Diamonds,Japanese J League,0.96,1.52,32.39
422,407,Oxford United,English League One,1.21,1.86,32.38
423,418,Las Palmas,Spanish Segunda Division,0.95,1.52,32.35
424,431,1. FC Nürnberg,German 2. Bundesliga,1.03,1.63,32.27
425,415,IFK Goteborg,Swedish Allsvenskan,0.95,1.52,32.23
426,402,FC Vaduz,Swiss Raiffeisen Super League,1.02,1.61,32.22
427,413,Montreal Impact,Major League Soccer,1.16,1.81,32.12
428,425,FK Volgograd,Russian Premier Liga,0.84,1.38,32.11
429,412,Sunderland,English League One,0.99,1.58,32.0
430,433,AIK,Swedish Allsvenskan,0.9,1.46,31.98
431,410,Sonderjyske,Danish SAS-Ligaen,1.11,1.75,31.87
432,428,Sochaux,French Ligue 2,0.82,1.37,31.84
433,459,Jahn Regensburg,German 2. Bundesliga,1.02,1.64,31.69
434,432,Mirandes,Spanish Segunda Division,0.82,1.37,31.65
435,423,Vejle,Danish SAS-Ligaen,1.08,1.73,31.54
436,436,Cashpoint SC Rheindorf Altach,Austrian T-Mobile Bundesliga,1.03,1.66,31.54
437,434,Erzurumspor,Turkish Turkcell Super Lig,1.1,1.76,31.49
438,441,Kashiwa Reysol,Japanese J League,0.97,1.59,31.43
439,438,Pau,French Ligue 2,0.95,1.58,31.21
440,440,Cremonese,Italy Serie B,0.95,1.58,31.03
441,435,Tampa Bay Rowdies,United Soccer League,1.03,1.7,30.81
442,443,Amiens,French Ligue 2,0.82,1.43,30.71
443,411,SD Ponferradina,Spanish Segunda Division,0.85,1.46,30.68
444,454,AD Alcorcon,Spanish Segunda Division,0.7,1.26,30.48
445,457,Consadole Sapporo,Japanese J League,0.99,1.68,30.43
446,444,Salernitana,Italy Serie B,0.84,1.47,30.41
447,445,Bristol City,English League Championship,1.02,1.72,30.18
448,446,Panetolikos,Greek Super League,0.86,1.51,30.07
449,447,CD Sabadell,Spanish Segunda Division,0.84,1.49,30.02
450,448,Chievo Verona,Italy Serie B,0.83,1.48,29.95
451,449,Colon Santa Fe,Argentina Primera Division,0.83,1.48,29.95
452,468,SV Ried,Austrian T-Mobile Bundesliga,0.99,1.7,29.87
453,450,Godoy Cruz,Argentina Primera Division,0.94,1.64,29.76
454,473,Viking FK,Norwegian Tippeligaen,1.16,1.95,29.74
455,452,SuperSport United,South African ABSA Premier League,0.81,1.46,29.64
456,456,Kristiansund BK,Norwegian Tippeligaen,1.03,1.78,29.52
457,455,Brescia,Italy Serie B,1.04,1.8,29.43
458,458,Genclerbirligi,Turkish Turkcell Super Lig,1.14,1.93,29.38
459,439,Málaga,Spanish Segunda Division,0.64,1.24,29.04
460,461,Frosinone,Italy Serie B,0.83,1.52,29.03
461,460,San Antonio FC,United Soccer League,1.03,1.82,28.96
462,478,Brisbane Roar,Australian A-League,0.9,1.64,28.88
463,462,AC Ajaccio,French Ligue 2,0.71,1.36,28.85
464,465,DC United,Major League Soccer,0.95,1.71,28.82
465,451,St. Pölten,Austrian T-Mobile Bundesliga,1.0,1.78,28.77
466,466,Le Havre,French Ligue 2,0.86,1.58,28.69
467,464,Adelaide United,Australian A-League,1.05,1.85,28.65
468,470,Bidvest Wits,South African ABSA Premier League,0.74,1.44,28.42
469,480,Perth Glory,Australian A-League,1.08,1.91,28.37
470,472,RKC,Dutch Eredivisie,1.03,1.85,28.36
471,474,Rodez,French Ligue 2,0.75,1.45,28.27
472,469,Odd BK,Norwegian Tippeligaen,1.1,1.95,28.27
473,463,Austin FC,Major League Soccer,0.89,1.66,28.25
474,475,Waasland-Beveren,Belgian Jupiler League,1.12,1.99,28.24
475,476,Larissa,Greek Super League,0.7,1.38,28.18
476,477,Pisa,Italy Serie B,0.99,1.8,28.16
477,467,Western Sydney FC,Australian A-League,1.28,2.21,28.13
478,485,Lincoln City,English League One,0.93,1.73,28.07
479,479,Aberdeen,Scottish Premiership,0.68,1.36,28.07
480,484,Mjallby,Swedish Allsvenskan,0.9,1.69,27.83
481,491,Louisville City FC,United Soccer League,0.95,1.77,27.68
482,481,Lamia,Greek Super League,0.55,1.18,27.53
483,486,Avispa Fukuoka,Japanese J League,0.89,1.7,27.4
484,482,Charlton Athletic,English League One,0.93,1.76,27.4
485,471,Cittadella,Italy Serie B,0.75,1.53,27.0
486,487,Guizhou Renhe,Chinese Super League,0.94,1.82,26.81
487,488,St Johnstone,Scottish Premiership,0.73,1.5,26.77
488,489,Orange County SC,United Soccer League,0.89,1.76,26.56
489,483,Gamba Osaka,Japanese J League,0.71,1.49,26.52
490,490,Stabaek,Norwegian Tippeligaen,0.87,1.74,26.39
491,523,Central Coast Mariners,Australian A-League,0.96,1.88,26.2
492,492,Livingston,Scottish Premiership,0.85,1.72,26.18
493,493,Spal,Italy Serie B,0.79,1.64,26.07
494,494,Macarthur FC,Australian A-League,0.88,1.78,26.0
495,453,Castellon,Spanish Segunda Division,0.71,1.52,26.0
496,495,FC Xanthi,Greek Super League,0.58,1.33,25.81
497,496,VVV Venlo,Dutch Eredivisie,1.15,2.2,25.51
498,497,FC Tambov,Russian Premier Liga,0.9,1.85,25.33
499,500,FC Trenkwalder Admira,Austrian T-Mobile Bundesliga,0.76,1.65,25.17
500,502,Gillingham,English League One,0.86,1.8,25.11
501,499,Albacete,Spanish Segunda Division,0.63,1.45,25.02
502,504,Valenciennes,French Ligue 2,1.0,2.01,25.0
503,505,Reggina,Italy Serie B,0.77,1.68,24.98
504,506,Dunkerque,French Ligue 2,0.72,1.61,24.9
505,520,Lugo,Spanish Segunda Division,0.75,1.66,24.73
506,515,Erzgebirge Aue,German 2. Bundesliga,0.89,1.88,24.71
507,509,Varbergs BoIS FC,Swedish Allsvenskan,0.93,1.94,24.69
508,501,Haugesund,Norwegian Tippeligaen,0.84,1.81,24.69
509,503,Sacramento Republic FC,United Soccer League,0.83,1.8,24.4
510,511,Black Aces,South African ABSA Premier League,0.81,1.78,24.28
511,534,Degerfors IF,Swedish Allsvenskan,0.75,1.68,24.27
512,512,Motherwell,Scottish Premiership,0.84,1.83,24.21
513,513,Caen,French Ligue 2,0.72,1.64,24.12
514,514,Maritzburg Utd,South African ABSA Premier League,0.56,1.39,24.05
515,516,Pordenone Calcio,Italy Serie B,0.68,1.6,23.99
516,507,Lyngby,Danish SAS-Ligaen,0.96,2.03,23.95
517,518,St Mirren,Scottish Premiership,0.68,1.6,23.92
518,510,Stromsgodset,Norwegian Tippeligaen,0.94,2.02,23.79
519,508,VfL Osnabruck,German 2. Bundesliga,0.84,1.86,23.72
520,529,FC Cincinnati,Major League Soccer,0.85,1.89,23.59
521,528,Vancouver Whitecaps,Major League Soccer,0.83,1.86,23.53
522,521,Chambly Thelle FC,French Ligue 2,0.85,1.9,23.39
523,519,Eintracht Braunschweig,German 2. Bundesliga,0.73,1.72,23.22
524,542,Östersunds FK,Swedish Allsvenskan,0.77,1.8,23.17
525,525,ADO Den Haag,Dutch Eredivisie,0.96,2.09,23.12
526,526,Denizlispor,Turkish Turkcell Super Lig,0.9,2.0,23.05
527,533,Würzburger Kickers,German 2. Bundesliga,0.87,1.96,23.0
528,527,Indy Eleven,United Soccer League,0.76,1.79,22.99
529,517,IK Sirius,Swedish Allsvenskan,0.88,1.98,22.87
530,498,AC Horsens,Danish SAS-Ligaen,0.87,1.98,22.74
531,531,Tokushima Vortis,Japanese J League,0.67,1.67,22.58
532,532,Dundee Utd,Scottish Premiership,0.67,1.68,22.56
533,535,Bloem Celtic,South African ABSA Premier League,0.8,1.9,22.37
534,536,Portsmouth,English League One,0.73,1.78,22.34
535,539,Birmingham Legion FC,United Soccer League,0.83,1.95,22.33
536,537,Burton Albion,English League One,0.86,2.0,22.3
537,548,Logrones,Spanish Segunda Division,0.58,1.54,22.27
538,538,Vicenza,Italy Serie B,0.69,1.73,22.26
539,540,Ascoli,Italy Serie B,0.67,1.69,22.22
540,524,Shimizu S-Pulse,Japanese J League,0.78,1.88,22.1
541,522,Western United,Australian A-League,0.85,2.01,21.85
542,543,New Mexico United,United Soccer League,0.77,1.89,21.84
543,541,Panionios,Greek Super League,0.51,1.45,21.84
544,545,Sarpsborg,Norwegian Tippeligaen,0.67,1.72,21.83
545,553,Kalmar FF,Swedish Allsvenskan,0.65,1.69,21.76
546,544,Pittsburgh Riverhounds,United Soccer League,0.73,1.84,21.42
547,546,Milton Keynes Dons,English League One,0.79,1.95,21.41
548,549,Volos NFC,Greek Super League,0.65,1.73,21.22
549,558,SK Brann,Norwegian Tippeligaen,0.82,2.02,21.1
550,550,Charlotte Independence,United Soccer League,0.77,1.95,21.05
551,547,Shonan Bellmare,Japanese J League,0.57,1.59,21.05
552,530,Orebro SK,Swedish Allsvenskan,0.79,1.97,21.05
553,551,El Paso Locomotive FC,United Soccer League,0.69,1.81,20.97
554,555,Kilmarnock,Scottish Premiership,0.77,1.98,20.43
555,564,Halmstads BK,Swedish Allsvenskan,0.64,1.78,20.35
556,552,Newcastle Jets,Australian A-League,0.76,1.98,20.3
557,559,Hamilton Academical,Scottish Premiership,0.68,1.88,19.93
558,560,Chateauroux,French Ligue 2,0.63,1.79,19.87
559,554,Lillestrom,Norwegian Tippeligaen,0.74,2.0,19.65
560,561,San Diego Loyal SC,United Soccer League,0.72,2.0,19.09
561,565,Mjondalen,Norwegian Tippeligaen,0.62,1.84,18.98
562,562,Highlands Park FC,South African ABSA Premier League,0.57,1.75,18.95
563,563,Fleetwood Town,English League One,0.54,1.71,18.88
564,566,Niort,French Ligue 2,0.6,1.82,18.71
565,567,Ross County,Scottish Premiership,0.75,2.09,18.62
566,576,Vegalta Sendai,Japanese J League,0.64,1.91,18.58
567,557,Tromso,Norwegian Tippeligaen,0.7,2.02,18.53
568,589,Sandefjord,Norwegian Tippeligaen,0.65,1.92,18.48
569,569,Accrington Stanley,English League One,0.8,2.19,18.45
570,570,Rochdale,English League One,0.78,2.15,18.44
571,572,Crewe Alexandra,English League One,0.66,1.96,18.3
572,580,Miami FC,United Soccer League,0.75,2.11,18.29
573,568,Austin Bold FC,United Soccer League,0.76,2.13,18.25
574,556,Tulsa Roughnecks,United Soccer League,0.71,2.05,18.21
575,573,US Pescara,Italy Serie B,0.57,1.81,18.14
576,574,Colorado Springs Switchbacks FC,United Soccer League,0.72,2.08,18.11
577,575,Wigan,English League One,0.74,2.12,18.09
578,571,Oita Trinita,Japanese J League,0.55,1.8,17.88
579,578,Ipswich Town,English League One,0.44,1.6,17.87
580,579,Doncaster Rovers,English League One,0.71,2.09,17.81
581,582,Morecambe,English League Two,0.69,2.06,17.71
582,581,Shrewsbury Town,English League One,0.57,1.85,17.61
583,583,Exeter City,English League Two,0.6,1.93,17.31
584,584,Golden Arrows,South African ABSA Premier League,0.43,1.63,17.14
585,585,AFC Wimbledon,English League One,0.63,2.0,17.12
586,586,Bolton,English League Two,0.54,1.85,17.01
587,587,Cheltenham Town,English League Two,0.47,1.71,16.95
588,588,Reggiana,Italy Serie B,0.51,1.8,16.89
589,577,Melbourne Victory,Australian A-League,0.82,2.38,16.61
590,590,Salford City,English League Two,0.39,1.6,16.46
591,591,Cosenza,Italy Serie B,0.54,1.9,16.32
592,592,Cambridge United,English League Two,0.64,2.13,15.96
593,593,Polokwane City FC,South African ABSA Premier League,0.47,1.84,15.52
594,594,Memphis 901 FC,United Soccer League,0.67,2.23,15.3
595,596,Virtus Entella,Italy Serie B,0.53,2.05,14.53
596,597,Northampton Town,English League One,0.47,1.96,14.18
597,599,Chippa United,South African ABSA Premier League,0.26,1.54,13.92
598,595,Charleston Battery,United Soccer League,0.52,2.1,13.87
599,600,Mansfield Town,English League Two,0.49,2.03,13.84
600,598,Rio Grande Valley FC Toros,United Soccer League,0.51,2.09,13.6
601,601,AmaZulu,South African ABSA Premier League,0.31,1.68,13.48
602,602,Swindon Town,English League One,0.7,2.49,13.37
603,606,Yokohama FC,Japanese J League,0.56,2.24,13.23
604,603,Oldham Athletic,English League Two,0.77,2.64,13.17
605,604,Baroka FC,South African ABSA Premier League,0.24,1.57,12.84
606,610,Newport County,English League Two,0.35,1.83,12.81
607,605,Plymouth Argyle,English League One,0.55,2.26,12.74
608,607,Carlisle United,English League Two,0.42,2.05,12.32
609,608,Stellenbosch FC,South African ABSA Premier League,0.35,1.89,12.29
610,609,Tacoma Defiance,United Soccer League,0.54,2.29,12.25
611,612,Real Monarchs SLC,United Soccer League,0.46,2.19,11.76
612,611,Black Leopards,South African ABSA Premier League,0.39,2.03,11.75
613,622,Atlanta United 2,United Soccer League,0.53,2.35,11.7
614,617,Oakland Roots,United Soccer League,0.43,2.15,11.56
615,613,Oklahoma City Energy FC,United Soccer League,0.45,2.22,11.27
616,614,Port Vale,English League Two,0.37,2.05,11.24
617,616,Hartford Athletic,United Soccer League,0.45,2.27,10.92
618,615,Tranmere Rovers,English League Two,0.31,1.95,10.88
619,618,Forest Green Rovers,English League Two,0.42,2.21,10.8
620,620,Bristol Rovers,English League One,0.3,2.02,10.07
621,621,Stevenage,English League Two,0.2,1.79,9.89
622,623,Barrow,English League Two,0.34,2.19,9.62
623,619,LA Galaxy II,United Soccer League,0.41,2.38,9.37
624,624,Leyton Orient,English League Two,0.32,2.21,9.09
625,625,Crawley Town,English League Two,0.36,2.32,8.96
626,626,Las Vegas Lights FC,United Soccer League,0.44,2.55,8.59
627,633,New York Red Bulls II,United Soccer League,0.43,2.54,8.54
628,627,Bradford City,English League Two,0.23,2.05,8.44
629,628,Southend United,English League Two,0.2,1.99,8.29
630,630,Walsall,English League Two,0.2,2.02,8.13
631,631,Harrogate Town,English League Two,0.33,2.36,8.09
632,629,Swope Park Rangers,United Soccer League,0.35,2.41,8.05
633,632,Loudoun United FC,United Soccer League,0.35,2.46,7.78
634,634,Colchester United,English League Two,0.2,2.12,7.42
635,635,Grimsby Town,English League Two,0.2,2.29,6.44
636,636,Scunthorpe,English League Two,0.2,2.38,5.95
